ID,Meal Name,Ingredients
0,Crock Pot Party Meatballs,"1 (2 pound) bag frozen cooked meatballs, 1 (14 ounce) can whole berry cranberry sauce, 1 (12 ounce) bottle tomato-based chili sauce, ½  lemon, juiced, 2 drops hot sauce (such as Tabasco), or more to taste, "
1,Big Game Dip,"1 (2 pound) loaf processed cheese (such as Velveeta®), cubed, 1 pound bulk spicy pork sausage, 1 (24 ounce) jar hot salsa, ½ cup hot pepper sauce (such as Frank's RedHot®), 3 large jalapeno peppers, chopped (Optional), "
2,"Easy, Two-Ingredient Pulled Pork","1 (2 1/2 pound) boneless pork loin roast, water as needed, 1 (18 ounce) bottle barbeque sauce (such as Dinosaur®), 8 large sandwich buns, split, "
3,Slow Cooker 3-Ingredient French Dips,"1 (3 pound) beef brisket, 1 envelope onion soup mix, 1 (14 ounce) can beef broth, 8  large French rolls, split, "
4,Slow Cooker 5-Ingredient Ham,"1 (5 pound) bone-in ham, 1 (8 ounce) can pineapple chunks in juice, ½ cup spicy brown mustard, 2 ½ tablespoons honey, or more to taste, 2 tablespoons minced garlic, "
5,So Simple Beef Stroganoff,"1 (10.75 ounce) can  condensed cream of mushroom soup, ½ cup water, or more as needed, 1 (1 ounce) package dry onion soup mix, 1 pound cubed beef stew meat, 4 ounces cream cheese, "
6,Slow Cooker Hawaiian Chicken,"3 pounds chicken breast, 1 (18 ounce) bottle honey barbecue sauce, 1 (15.25 ounce) can sliced pineapple, 1 teaspoon soy sauce, "
7,Slow Cooker Chicken and Salsa,"1  sweet onion, sliced and separated into rings, 1 (5 pound) whole chicken, 1 (20 ounce) jar salsa, "
8,Mother's Pot Roast,"2 ½ pounds tip round roast, salt and pepper to taste, 1 (15 ounce) can tomato sauce, 1  onion, cut into thin strips, 2  bay leaves, 3 tablespoons all-purpose flour, "
9,Slow Cooker Baby Back Ribs,"3 pounds baby back ribs, trimmed, salt and ground black pepper, to taste, ½ cup water, ½  onion, sliced, 1 clove garlic, minced, 1 (18 ounce) bottle barbeque sauce, "
10,Slow Cooker Green Beans and Potatoes,"1 pound fresh green beans, trimmed, 1 pound small new potatoes, halved, water to cover, 2 (1 inch) cubes salt pork, or more to taste, "
11,Pinto Beans Muy Facil,"1 pound dried pinto beans, 1  onion, chopped, 1 clove garlic, minced, 2  jalapeno peppers, chopped, salt and ground black pepper to taste, "
12,Crock-Pot Mushrooms,"1 pound mushrooms, ½ cup butter, 1 (1 ounce) envelope ranch salad dressing mix, "
13,3-Ingredient Slow Cooker Sweetened Condensed Milk,"2 cups milk, ⅔ cup white sugar, 3 tablespoons butter, 2 teaspoons vanilla extract (Optional), "
14,Slow Cooker Cider Applesauce (No Sugar Added),"5 pounds apples - peeled, cored, and thinly sliced, 1 ½ tablespoons ground cinnamon, ½ teaspoon ground cloves, ¼ teaspoon ground nutmeg, "
15,Kefir Yogurt (Sana),"4 cups milk, ¼ cup instant nonfat dry milk powder, or more to taste, ½ cup plain kefir, "
16,Alexander's Chocolate-Covered Peanuts,"18 ounces white almond bark, broken into pieces, 2 cups semisweet chocolate chips, or more to taste, 24 ounces lightly salted peanuts, or more to taste, "
17,Slow Cooker Vanilla Tapioca Pudding,"½ gallon whole milk, 1 ⅓ cups white sugar, 1 cup small pearl tapioca, 4  eggs, lightly beaten, 1 teaspoon vanilla extract, "
18,Homemade Pita Bread,"1 (.25 ounce) package active dry yeast, 1 cup warm water (100 degrees F / 38 degrees C), 1 cup all-purpose flour, 1 ½ tablespoons olive oil, 1 ¾ teaspoons salt, 1 ¾ cups all-purpose flour, or as needed, 1 teaspoon olive oil, divided, "
19,Turkish Red Lentil 'Bride' Soup,"¼ cup butter, 2  onions, finely chopped, 1 teaspoon paprika, 1 cup red lentils, ½ cup fine bulgur, 2 tablespoons tomato paste, 8 cups vegetable stock, ⅛ teaspoon cayenne pepper, 1 tablespoon dried mint leaves, 4 slices  lemon, ½ teaspoon chopped fresh mint, "
20,Green Lentils and Rice Assyrian Style,"1 cup dry green lentils, 2 cups water, 4 tablespoons olive oil, divided, 1 cup basmati rice, 1 large onion, chopped, ¾ teaspoon salt, or to taste, "
21,Algerian Kefta (Meatballs),"1 pound lean ground beef, 4 cloves garlic, minced, divided, ¼ cup finely chopped onion, divided, salt and pepper to taste, 3  roma (plum) tomatoes, diced, 1 teaspoon dried parsley, ½ teaspoon ras el hanout (Optional), ½ cup water, "
22,Afghan Beef Raviolis (Mantwo),"¾ cup plain yogurt, 1 teaspoon chopped fresh mint leaves, 2 cloves garlic, crushed, 1 pound ground beef, 1 ½ cups chopped onion, 1 cup water, 1  carrot, grated, ¾ teaspoon salt, 1 teaspoon ground black pepper, 1 ½ teaspoons ground coriander, ½ teaspoon ground cumin, 26  wonton wrappers, 1 tablespoon tomato paste, ⅛ teaspoon red pepper flakes, 2 tablespoons water, ½ cup dried yellow split peas, ⅛ teaspoon red pepper flakes, 1 teaspoon ground coriander, ¼ teaspoon ground cumin, 1 cube chicken bouillon, 1 ½ cups water, "
23,Shakshuka (Middle Eastern Baked Eggs),"1 tablespoon olive oil, 5 large fresh tomatoes, coarsely chopped, 1 tablespoon minced garlic, 6 large eggs, 4  pita bread rounds, "
24,Kofta Kebabs,"4 cloves garlic, minced, 1 teaspoon kosher salt, 1 pound ground lamb, 3 tablespoons grated onion, 3 tablespoons chopped fresh parsley, 1 tablespoon ground coriander, 1 teaspoon ground cumin, ½ tablespoon ground cinnamon, ½ teaspoon ground allspice, ¼ teaspoon cayenne pepper, ¼ teaspoon ground ginger, ¼ teaspoon ground black pepper, 28  bamboo skewers, soaked in water for 30 minutes, "
25,Chicken Biryani,"4 tablespoons vegetable oil, divided, 4 small potatoes, peeled and halved, 2 large onions, finely chopped, 2 cloves garlic, minced, 1 tablespoon minced fresh ginger root, 2  medium tomatoes, peeled and chopped, 1 teaspoon salt, 1 teaspoon ground cumin, ½ teaspoon chili powder, ½ teaspoon ground black pepper, ½ teaspoon ground turmeric, 2 tablespoons plain yogurt, 2 tablespoons chopped fresh mint leaves, ½ teaspoon ground cardamom, 1 (2 inch) piece cinnamon stick, 3 pounds boneless, skinless chicken pieces cut into chunks, 1 pound basmati rice, 2 ½ tablespoons vegetable oil, 1 large onion, diced, 5 pods cardamom, 3  whole cloves, 1 (1 inch) piece cinnamon stick, ½ teaspoon ground ginger, 1 pinch powdered saffron, 4 cups chicken stock, 1 ½ teaspoons salt, "
26,Little Lamb Meatballs in a Spicy Eggplant Tomato Sauce,"1  eggplant, cubed, 2 tablespoons olive oil, salt and freshly ground black pepper to taste, ⅓ cup finely minced onion, 1 pinch crushed red pepper flakes, or to taste, 1 ½ cups chicken broth, 1 cup marinara sauce, ¼ cup plain dry bread crumbs, 1  large egg, 1 ½ tablespoons Greek yogurt, ¼ cup finely minced onion, 4 cloves garlic, finely minced, 1 ½ teaspoons kosher salt, 1 teaspoon freshly ground black pepper, 1 teaspoon ground cumin, ½ teaspoon ground cinnamon, ¼ teaspoon ground coriander, 1 pound ground lamb, 1/4 teaspoon cayenne pepper, or to taste, 1 tablespoon chopped fresh mint, "
27,Sambusa,"2 tablespoons olive oil, 1 small onion, finely chopped, 1 leek, washed and chopped, 1 clove garlic, minced, 2 pounds ground beef, 2 teaspoons ground cumin, 2 teaspoons ground cardamom, 1 teaspoon salt, 1 teaspoon pepper, 1 tablespoon all-purpose flour, 1 tablespoon water, or as needed, 1 (14 ounce) package spring roll wrappers, 1 quart oil for frying, or as needed, "
28,Lahmacun Turkish Pizza,"1 teaspoon chopped garlic, 1  yellow onion, chopped, 3 tablespoons chopped fresh basil, ½ cup chopped fresh parsley, 2 tablespoons chopped fresh mint, ½ teaspoon paprika, ½ teaspoon ground cumin, ½ teaspoon ground coriander seed, ½ cup green bell pepper, diced, ½ cup red bell pepper, diced, ½  lemon, juiced, 4 teaspoons olive oil, 4  roma (plum) tomatoes, halved, 1 pound lean ground lamb, 6 tablespoons double concentrated tomato paste, cayenne pepper to taste, salt to taste, 3 ¼ teaspoons active dry yeast, ½ teaspoon white sugar, 1 cup warm water (110 degrees F/45 degrees C), 5 cups all-purpose flour, 2 teaspoons salt, ¼ cup vegetable oil, ½ cup water, 1 cup plain yogurt, ½ teaspoon chopped fresh parsley, ¼ teaspoon crushed garlic, salt and ground black pepper to taste, 1 cup shredded green cabbage, 1 cup shredded red cabbage, "
29,Duck Fesenjan,"8  duck legs, salt and freshly ground black pepper to taste, 2 tablespoons vegetable oil, ¼ cup water, or as needed, 3 tablespoons olive oil, or more to taste, 2 cups diced yellow onion, 1 teaspoon ground turmeric, ½ teaspoon ground cinnamon, ⅛ teaspoon ground nutmeg, 6 cups chicken broth, or more as needed, ⅔ cup pomegranate molasses, ¼ cup honey, 3 cups walnut halves, "
30,Easy and Yummiest Kulfi Recipe,"2 (5 ounce) cans evaporated milk, 2 (7.6 ounce) cans canned table cream (media crema), 1 (14 ounce) can sweetened condensed milk, 2 slices white bread, ¼ teaspoon ground cardamom, 12  blanched almonds, "
31,Kheer (Rice Pudding),"2 cups coconut milk, 2 cups milk, 3 tablespoons white sugar, ½ cup basmati rice, ¼ cup raisins, ½ teaspoon ground cardamom, ½ teaspoon rose water (Optional), ¼ cup sliced almonds, toasted, ¼ cup chopped pistachio nuts, "
32,No-Fail Bean Pie,"1 (14.1 ounce) package double-crust pie pastry, thawed, 2 (15.5 ounce) cans navy beans, rinsed and drained, 1 (12 fluid ounce) can evaporated milk, 2 ½ cups white sugar, ½ cup butter, melted, 2 large eggs, 2 large egg yolks, 2 tablespoons all-purpose flour, 2 tablespoons vanilla extract, 1 teaspoon ground cinnamon, 1 teaspoon grated nutmeg, "
33,Moroccan Shrimp Stew,"2 tablespoons grapeseed oil, or more as needed, 1 medium yellow onion, chopped, 2 medium carrots, sliced, 1 medium red bell pepper, cut into bite-sized pieces, 1 medium green bell pepper, cut into bite-sized pieces, 4 cloves garlic, chopped, 2 tablespoons harissa paste, 1 (14.5 ounce) can fire-roasted diced tomatoes, undrained, 1 (6 ounce) can tomato paste, 2 cups shrimp stock, or more as needed, 1 (15 ounce) can garbanzo beans, rinsed and drained, 1 pound uncooked medium shrimp, peeled and deveined, 2 teaspoons sea salt, "
34,Moroccan Chicken with Saffron and Preserved Lemon,"¼ cup olive oil, or to taste, 3 cloves garlic, minced, 1 teaspoon ground turmeric, 1 teaspoon cumin seeds, salt and ground black pepper to taste, 4 large chicken thighs, 2 tablespoons olive oil, or as needed, 1 medium white onion, chopped, 2 cups water, or as needed, 16  saffron threads, ½  preserved lemon, pulp discarded and thinly sliced, 2  artichoke bottoms, chopped (Optional), ¼ cup olives, or to taste (Optional), ¼ cup coarsely chopped parsley (Optional), "
35,Moroccan Preserved Lemons,"6  organic lemons, ¼ cup kosher salt, 1 cup lukewarm water, or as needed, "
36,Vegetarian Moroccan Harira,"2 tablespoons vegetable oil, 1 large onion, chopped, 2 pounds tomatoes, diced, 1 (15 ounce) can chickpeas, drained, 1 bunch fresh cilantro, chopped, 1 bunch fresh parsley, chopped, 20  fresh mint leaves, chopped, 1 teaspoon ground paprika, 1 teaspoon ground turmeric, 1 teaspoon ground ginger, ½ teaspoon harissa, 1 pinch saffron threads, 4 cups water, or more to taste, 1 tablespoon all-purpose flour, 1 teaspoon cornstarch, ½ cup cherry tomatoes, halved, salt and ground black pepper to taste, "
37,Moroccan Lamb with Shiraz Honey Sauce,"1 (7 bone) rack of lamb, trimmed and frenched, coarse sea salt to taste, 2 ½ tablespoons ras el hanout, 1 cup Shiraz wine, ⅓ cup honey, "
38,Moroccan Chickpea Stew,"1 tablespoon olive oil, 1 small onion, chopped, 2 cloves garlic, minced, 2 teaspoons ground cumin, 2 teaspoons ground coriander, 1 teaspoon garam masala, ½ teaspoon cayenne pepper, or to taste, ½ teaspoon curry powder, 1 pinch salt, 3 potatoes, cut into ½-inch cubes, 1 (14.5 ounce) can diced tomatoes, undrained, 1 cup tomato sauce, 1 cup golden raisins, water, or enough to cover, 1 bunch kale, ribs removed, chopped, 1 (14.5 ounce) can chickpeas, drained and rinsed, ½ cup chopped fresh cilantro, "
39,Moroccan Lamb Kabobs,"2 pounds ground lamb, 1 cup raisins, 5 ounces goat cheese, ⅓ cup mayonnaise, 1  red onion, finely chopped, 2 cloves garlic, finely chopped, 2 tablespoons chopped fresh cilantro, ¾ tablespoon ground cayenne pepper, ½ teaspoon ground cumin, ½ teaspoon ground coriander, salt to taste, coarsely ground black pepper to taste, "
40,Moroccan Lentil Soup with Veggies,"¼ cup olive oil, 4 large carrots, chopped, 1 large white onion, finely chopped, 2 teaspoons kosher salt, 2 teaspoons chopped fresh parsley, 1 teaspoon ground black pepper, ½ teaspoon ground ginger, ½ teaspoon dried tarragon, ½ teaspoon cumin, 1 (16 ounce) package dry lentils, 1 cup crushed tomatoes, 2 quarts vegetable broth, 1 (10 ounce) package spinach, 1 large zucchini, cut into small pieces, salt to taste, 1 teaspoon olive oil, or to taste, "
41,Moroccan Carrots,"4 large carrots, peeled and grated, 1 (16 ounce) can garbanzo beans (chickpeas), drained and rinsed, ½ cup raisins, 2 tablespoons olive oil, 1 tablespoon lemon juice, ½ teaspoon cumin, ½ teaspoon chili powder, salt and ground pepper to taste, ¼ cup crumbled feta cheese, "
42,Spanish Moroccan Fish,"1 tablespoon vegetable oil, 1 onion, chopped, 1 clove garlic, finely chopped, 1 (15 ounce) can garbanzo beans, drained and rinsed, 2 red bell peppers, seeded and sliced into strips, 1 large carrot, thinly sliced, 3 tomatoes, chopped, 4 olives, chopped, ¼ cup chopped fresh parsley, ¼ cup ground cumin, 3 tablespoons paprika, 2 tablespoons chicken bouillon granules, 1 teaspoon cayenne pepper, salt to taste, 5 pounds tilapia fillets, "
43,Moroccan Cooked Pepper Salad,"2  green bell peppers, 3 tablespoons olive oil, 4  fresh tomatoes, peeled and chopped, 2 teaspoons sugar, 1 ½ teaspoons paprika, 1 teaspoon fresh parsley, ½ teaspoon cumin, ½ teaspoon salt, ¼ teaspoon garlic powder, ground black pepper to taste, 1 (2.25 ounce) can sliced green olives, "
44,Mama Marie's Moroccan Tuna Brik,"1 tablespoon butter, 1 small onion, finely chopped, 2 (5 ounce) cans tuna packed in oil, drained, 2 tablespoons chopped fresh parsley, 1 teaspoon capers, or to taste, 2 tablespoons grated Parmesan cheese, salt and pepper to taste, 10 sheets phyllo dough, 1 quart vegetable oil for frying, 1  lemon, cut into wedges, "
45,Moroccan-Style Stuffed Acorn Squash,"2 tablespoons brown sugar, 1 tablespoon butter, melted, 2 large acorn squash, halved and seeded, 2 tablespoons olive oil, 2 cloves garlic, chopped, 2 stalks celery, chopped, 2  carrots, chopped, 1 cup garbanzo beans, drained, ½ cup raisins, 1 ½ tablespoons ground cumin, 1 pinch salt and pepper to taste, 1 (14 ounce) can chicken broth, 1 cup uncooked couscous, "
46,Chicken Tagine,"2 tablespoons olive oil, 8  skinless, boneless chicken thighs, cut into 1-inch pieces, 1  eggplant, cut into 1 inch cubes, 2 large onions, thinly sliced, 4 large carrots, thinly sliced, ½ cup dried cranberries, ½ cup chopped dried apricots, 2 cups chicken broth, 2 tablespoons tomato paste, 2 tablespoons lemon juice, 2 tablespoons all-purpose flour, 2 teaspoons garlic salt, 1 ½ teaspoons ground cumin, 1 ½ teaspoons ground ginger, 1 teaspoon cinnamon, ¾ teaspoon ground black pepper, 1 cup water, 1 cup couscous, "
47,Moroccan Black-Eyed Peas (Cowpeas),"1 ½ cups dried black-eyed peas (cowpeas), 1  onion, chopped, 1 (8 ounce) can tomato sauce, ½ cup olive oil, ¼ cup chopped fresh cilantro, 3 cloves garlic, finely chopped, 1 ½ teaspoons salt, 1 ½ teaspoons ground cumin, 1 ½ teaspoons sweet paprika, 1 teaspoon ground ginger, ¼ teaspoon cayenne pepper, 3 ½ cups water, or more if needed, "
48,Ras el Hanout,"1 teaspoon salt, 1 teaspoon ground cumin, 1 teaspoon ground ginger, 1 teaspoon ground turmeric, ¾ teaspoon ground cinnamon, ¾ teaspoon freshly ground black pepper, ½ teaspoon ground white pepper, ½ teaspoon ground coriander seed, ½ teaspoon ground cayenne pepper, ½ teaspoon ground allspice, ½ teaspoon ground nutmeg, ¼ teaspoon ground cloves, "
49,Roasted Moroccan-Inspired Tilapia,"1 ½ cups water, 1 cup long grain white rice, ¼ cup extra-virgin olive oil, 4 cloves garlic, pressed, 1 tablespoon ground paprika, 1 teaspoon ground cumin, ½ teaspoon cayenne pepper, ½ cup plain yogurt, salt and ground black pepper to taste, 4 (5 ounce) fillets tilapia, 1 (15 ounce) can chickpeas, rinsed and drained, 2 medium Roma tomatoes, coarsely chopped, 1 cup chopped fresh cilantro, divided, "
50,Lamb Tagine,"2 pounds lamb meat, cut into 1 ½ inch cubes, 3 tablespoons olive oil, divided, 2 teaspoons paprika, 1 teaspoon ground cinnamon, 1 teaspoon kosher salt, ¾ teaspoon garlic powder, ¾ teaspoon ground coriander, ½ teaspoon ground cumin, ½ teaspoon ground cardamom, ½ teaspoon ground ginger, ¼ teaspoon ground turmeric, ¼ teaspoon cayenne pepper, ¼ teaspoon ground cloves, 1 pinch saffron, 2 medium onions, cut into 1-inch cubes, 5  carrots, peeled, cut into fourths, then sliced lengthwise into thin strips, 3 cloves garlic, minced, 1 tablespoon freshly grated ginger, 1  lemon, zested, 1 (14.5 ounce) can homemade chicken broth or low-sodium canned broth, 1 tablespoon sun-dried tomato paste, 1 tablespoon honey, 1 tablespoon cornstarch (Optional), 1 tablespoon water (Optional), "
51,Marrakesh Vegetable Curry,"1  sweet potato, peeled and cubed, 1  medium eggplant, cubed, 1  green bell pepper, chopped, 1  red bell pepper, chopped, 2  carrots, chopped, 1  onion, chopped, 6 tablespoons olive oil, 3 cloves garlic, minced, 1 teaspoon ground turmeric, 1 tablespoon curry powder, 1 teaspoon ground cinnamon, ¾ tablespoon sea salt, ¾ teaspoon cayenne pepper, 1 (15 ounce) can garbanzo beans, drained, ¼ cup blanched almonds, 1  zucchini, sliced, 2 tablespoons raisins, 1 cup orange juice, 10 ounces spinach, "
52,Harira,"1 pound cubed lamb meat, 1 yellow onion, chopped, 1  red onion, chopped, ¾ cup chopped celery, ½ cup chopped fresh cilantro, 2 tablespoons margarine, 1 ½ teaspoons ground black pepper, 1 teaspoon ground turmeric, 1 teaspoon ground cinnamon, ¼ teaspoon ground ginger, ¼ teaspoon ground cayenne pepper, 1 (29 ounce) can diced tomatoes, juice reserved, 7 cups water, ¾ cup green lentils, 1 (15 ounce) can garbanzo beans, drained, 4 ounces vermicelli pasta, 2  eggs, beaten, 1  lemon, juiced, "
53,Moroccan-Spiced Chicken Skewers,"¼ cup extra-virgin olive oil, ¼ cup chopped fresh mint leaves, ¼ cup chopped fresh cilantro, 2 tablespoons fresh lemon juice, 2 teaspoons honey, 1 ½ teaspoons kosher salt, 2 cloves garlic, minced, 1 teaspoon paprika, 1 teaspoon ground cumin, ½ teaspoon ground coriander, ½ teaspoon ground cinnamon, ¼ teaspoon ground cayenne pepper, 4 (6 ounce) skinless, boneless chicken breast halves, cut into 1 1/2 inch cubes, 2 cups whole-milk Greek yogurt, ½ cup fresh lemon juice, ¼ cup finely chopped mint leaves, 2 cloves garlic, minced, 1 teaspoon finely grated fresh lemon zest, 1 teaspoon kosher salt, 2  green bell peppers, cut into cubes, 1 small red onion, cut into 8 wedges, bamboo skewers, soaked in water for 30 minutes, "
54,Poulet Roti a l'Algerienne (Algerian Roast Chicken),"1 cup water, 1  onion, chopped, 5 tablespoons olive oil, 2 tablespoons balsamic vinegar, 1 tablespoon Dijon mustard, 3 cloves garlic, crushed, 1 teaspoon freshly ground black pepper, 1 teaspoon cayenne pepper, salt to taste, 1 (2 pound) whole chicken, "
55,Algerian Couscous,"¼ cup olive oil, or more as needed, divided, 8  mutton chops, fat removed, 4  chicken drumsticks, 1 pinch salt and ground black pepper to taste, 3  onions, quartered, water to cover, 2 tablespoons ground turmeric, 2 tablespoons ground cumin, 2 tablespoons ground coriander, 3  potatoes, cut into chunks, 3  turnips, cut into chunks, 3  carrots, sliced lengthwise and cut into chunks, 1 (6 ounce) can tomato paste, 2 tablespoons ras el hanout, 1 (7 ounce) can chickpeas, drained, 2  zucchini, sliced lengthwise and cut into chunks, 5 sprigs cilantro, chopped, 3 cups water, 2 cups couscous, 1 tablespoon butter, 3 tablespoons harissa, "
56,Algerian Carrots,"1 ½ cups water, 2 pounds carrots, peeled and sliced, 5 tablespoons olive oil, 1 teaspoon salt, ½ teaspoon ground black pepper, ½ teaspoon ground cinnamon, ½ teaspoon ground cumin, 3 cloves cloves garlic, crushed, ½ teaspoon dried thyme leaves, 1  bay leaf, 1 teaspoon lemon juice, "
57,Chtitha Batata (Algerian Potato Stew),"4 cloves garlic, peeled and halved, 1 small fresh red chile pepper, seeded and chopped, 1 teaspoon ground cumin, 1 teaspoon paprika, ½ teaspoon black pepper, ½ teaspoon cayenne pepper, ½ teaspoon salt, 2 tablespoons olive oil, 1 ½ pounds new potatoes, halved, 1 tablespoon tomato paste, water to cover, salt to taste, "
58,Algerian Bouzgene Berber Bread with Roasted Pepper Sauce,"2  red bell peppers, 4  tomatoes, 1 tablespoon olive oil, 4 cloves garlic, chopped, 1  jalapeno pepper, chopped, salt to taste, 2 pounds semolina, 1 ½ teaspoons salt, or to taste, 3 cups water, or as needed, 4 tablespoons olive oil, 6 tablespoons olive oil for frying, "
59,Dziriat (Algerian Almond Tarts),"1 cup white sugar, 1 cup water, 1 teaspoon fresh lemon juice, 2 tablespoons orange flower water, 2 cups all-purpose flour, 2 tablespoons vegetable oil, 1  egg, ½ teaspoon fresh lemon juice, 1 pinch salt, 1 tablespoon orange flower water, 4 cups raw almonds, 1 cup sugar, 3  eggs, ½ teaspoon baking powder, 1 teaspoon vanilla powder, 1  lemon, zested, 2 tablespoons orange flower water, cornstarch, for rolling out the dough, pine nuts, for decoration, "
60,The Shorba Freekeh of Algeria,"2 large tomatoes, cut into chunks, 2  onions, cut into chunks, 1  serrano pepper, cut into chunks, 1  Anaheim pepper, cut into chunks, ½  zucchini, cut into chunks, 3 cloves garlic, ¼ cup olive oil, 1 pound lamb stew meat, cut into 1-inch cubes, ¾ pound ground beef, 2 teaspoons salt, 2 cubes  vegetable bouillon, or more to taste, 2 teaspoons ground cumin, 1 teaspoon ground black pepper, 1 teaspoon paprika, ½ teaspoon ground coriander, ¼ teaspoon ground turmeric, ¼ teaspoon cayenne pepper, 2 ½ quarts water, 1 (6 ounce) can tomato paste, ½ cup finely ground freekeh, 2 cups green peas, 2 tablespoons butter, 1 bunch cilantro, coarsely chopped, 1  lemon, cut into wedges, or more to taste, "
61,Dersa (Algerian Chile Paste),"4 cloves garlic - peeled, halved, and germ (green sprout) removed, ½ small red chile pepper, seeded and coarsely chopped, 1 teaspoon ground cumin, 1 teaspoon paprika, ½ teaspoon cayenne pepper, ½ teaspoon salt, ½ teaspoon ground black pepper, 2 tablespoons olive oil, "
62,Khobz el Dar (Algerian Semolina Bread),"½ cup semolina flour, 2 tablespoons semolina flour, 3 tablespoons sesame seeds, divided, 1 tablespoon white sugar, 1 teaspoon active dry yeast, ¾ teaspoon salt, ¼ cup vegetable oil, 1  egg, 1  egg, separated, 1 cup lukewarm milk, 2 ¾ cups all-purpose flour, 2 tablespoons all-purpose flour, or more as needed, 1 teaspoon water, "
63,Tajine de Poulet aux Carottes et Patates Douces (Chicken and Sweet Potato Tagine),"2  onions, sliced, or more to taste, 3 stalks celery, thinly sliced, ½ bunch fresh cilantro, finely chopped, ½ bunch fresh parsley, finely chopped, ½ teaspoon ground turmeric, ½ teaspoon ground cumin, ½ teaspoon paprika, ¼ teaspoon ground ginger, ¼ teaspoon cayenne pepper, salt and freshly ground black pepper to taste, 4  chicken thighs, 1 drizzle olive oil, ¼ cup raisins, ⅔ cup chicken stock, 1 large sweet potato, peeled and cubed, 3  carrots, sliced, ¼ cup pitted prunes, "
64,Algerian Flafla (Bell Pepper Salad),"3  green bell peppers, 1 tablespoon olive oil, 1 tablespoon finely chopped red onion, 1 clove garlic, minced, salt and pepper to taste, 1  roma (plum) tomato, diced, "
65,"Chorba Hamra bel Frik (Algerian Lamb, Tomato, and Freekeh Soup)","1 cup freekeh, 12 ounces lamb meat, cut into 1 1/2-inch cubes, 1  onion, grated, 1 teaspoon ground black pepper, 1 teaspoon paprika, 1 teaspoon ground cinnamon, salt to taste, 3 tablespoons vegetable oil, 1 bunch fresh cilantro, finely chopped, divided, 1 bunch fresh mint, finely chopped, divided, 1 stalk celery, ½ (14 ounce) can chickpeas, drained, 4 cups water, or as needed, 1  zucchini, diced, 1  carrot, diced, 1 tablespoon tomato paste, 3 medium ripe tomatoes, 1  potato, diced, "
66,Cheese Borek,"1  egg, lightly beaten, 1 bunch fresh parsley, minced, 2 cloves garlic, minced, ¾ teaspoon crushed red pepper, 6 ounces smoked Gouda cheese, shredded, 6 ounces Emmentaler cheese, finely shredded, 12 sheets phyllo dough, 1 ½ cups unsalted butter, melted, "
67,Lamb Börek,"2 tablespoons olive oil, 1 large onion, diced, 2 teaspoons salt, 2 pounds ground lamb, 4 cloves garlic, minced (Optional), 2 tablespoons currants, 3 tablespoons toasted pine nuts, 2 teaspoons ground cumin, 1 teaspoon ground coriander, 1 teaspoon ground cinnamon, 1 teaspoon paprika, 1 teaspoon freshly ground black pepper, ½ teaspoon cayenne pepper, ¼ teaspoon allspice, 1 ½ cups tomato sauce, ¼ cup water, 1 large egg, 3 tablespoons full-fat plain Greek yogurt, 2 tablespoons water, 2 tablespoons butter, melted, 12 sheets frozen phyllo dough, thawed, or as needed, 2 teaspoons sesame seeds (Optional), ½ cup plain Greek yogurt, 2 tablespoons very finely sliced mint leaves, 1 teaspoon lemon juice, or to taste, 1 clove garlic, crushed (Optional), 1 teaspoon water, or as needed, salt to taste, 1 pinch cayenne pepper, or to taste, "
68,Cornes de Gazelle (Gazelle Horns),"2 ¼ cups almonds, ¾ cup white sugar, 1 tablespoon white sugar, ¼ teaspoon ground cinnamon, 1  egg, 1 tablespoon orange blossom water, 2 cups all-purpose flour, ½ cup softened, unsalted butter, diced, 1 tablespoon unsalted butter, 1 pinch salt, 1  egg, beaten, 3 tablespoons vegetable oil, 1 ½ tablespoons orange blossom water, 6 tablespoons honey, 1 tablespoon orange blossom water, 3 tablespoons crushed pistachios, or to taste, "
69,Crispy Vegetable Pakoras,"1 cup chickpea flour, 2 cloves garlic, crushed, 1 teaspoon salt, ½ teaspoon ground coriander, ½ teaspoon ground turmeric, ½ teaspoon chili powder, ½ teaspoon garam masala, ¾ cup water, 1 quart oil for deep frying, ½ head cauliflower florets, 2 medium onions, sliced into rings, "
70,Indian Chole Aloo Tikki,"2  potatoes, salt and freshly ground black pepper to taste, 3 ½ tablespoons vegetable oil, divided, 1 tablespoon cornstarch, 1 teaspoon ground ginger, 1 teaspoon ground cumin, 1 teaspoon cayenne pepper, 1 tablespoon chopped fresh cilantro, ½ teaspoon black peppercorns, 2  whole cloves, 2  small dried chile peppers (Optional), 1 teaspoon cumin seeds, 2  bay leaves, 1  onion, chopped, 2 cloves garlic, grated, 1 (1/2 inch) piece fresh ginger, grated, 2 teaspoons curry powder, 1 teaspoon ground turmeric, 1 teaspoon tomato paste, 1 teaspoon water, 1  tomato, chopped, 1 (15 ounce) can garbanzo beans, drained, 1 tablespoon cilantro leaves, "
71,Kulfi,"1 ¼ cups evaporated milk, 1 ¼ cups sweetened condensed milk, 1 (16 ounce) container frozen whipped topping, thawed, 4 slices white bread, torn into pieces, ½ teaspoon ground cardamom, "
72,Indian Chaat-Inspired Potato Chip Salad,"1 ½ cups plain Greek yogurt, 2 medium limes, juiced, 2 teaspoons tamarind paste, or to taste, 1 ½ teaspoons garam masala, ½ teaspoon ground cumin, 2 teaspoons hot sauce, 1 teaspoon white sugar, ¼ cup water, or as needed, 12 cups kettle-cooked potato chips, ½ cup thinly sliced jalapeno pepper, ½ cup thinly sliced red bell pepper, ½ cup thinly sliced red onion, ½ cup thinly sliced green onion, 1 cup sliced cooked purple potatoes (Optional), 1 cup chopped fresh mint leaves, 1 cup chopped fresh cilantro leaves, 2 medium limes, halved, "
73,Gulab Jamun or Kala Jam (Waffle Balls),"2 cups water, 2 cups white sugar, ½ teaspoon ground cardamom, 2 drops rose water (Optional), 1 pinch saffron (Optional), ½ cup instant dry milk powder (such as Carnation®), 2 tablespoons all-purpose flour, ¼ teaspoon baking soda, 1 tablespoon unsalted butter (such as Land O'Lakes®), 2 tablespoons plain yogurt, 2 cups vegetable oil for frying, "
74,Pav Bhaji,"½ cup vegetable oil, 2 teaspoons chopped garlic, 1 teaspoon finely chopped green chile peppers, 1 cup chopped onions, 2 teaspoons grated fresh ginger, 1 cup chopped roma (plum) tomatoes, 2 cups cauliflower, finely chopped, 1 cup chopped cabbage, 1 cup green peas, 1 cup grated carrots, 4  potatoes, boiled and mashed, 3 tablespoons pav bhaji masala, salt to taste, 1 tablespoon lemon juice, 8 (2 inch square) dinner rolls, ½ tablespoon butter, ¼ cup finely chopped onion, 1 tablespoon finely chopped green chile peppers, ¼ cup chopped fresh cilantro, "
75,Akki Rotti,"½ cup green mung beans (green gram), 1 cup water, 2 cups white rice flour, 1 teaspoon cumin seeds, 2 ½ teaspoons finely chopped green chile peppers, ¼ teaspoon asafoetida powder, 2 tablespoons finely chopped fresh cilantro, ½ cup unsweetened shredded coconut, ¼ cup shredded carrot, salt to taste, ½ cup vegetable oil, divided, "
76,Easy Malai Kulfi,"2 cups whole milk, ½ cup condensed milk, ¼ cup dry milk powder, 2 teaspoons white sugar, or to taste (Optional), ½ teaspoon ground cardamom, 1 pinch saffron threads, ¼ cup chopped pistachio nuts, "
77,Air Fryer Pakoras,"2 cups chopped cauliflower, 1 ¼ cups chickpea flour (besan), 1 cup diced yellow potatoes, ¾ cup water, ½  red onion, chopped, 1 tablespoon salt, 1 clove garlic, minced, 1 teaspoon curry powder, 1 teaspoon coriander, ½ teaspoon ground cayenne pepper, or more to taste, ½ teaspoon cumin, cooking spray, "
78,Easy Coconut Ladoo,"2 cups flaked coconut, 1 (14 ounce) can sweetened condensed milk, 2 pinches ground cardamom, 2 drops vanilla extract, 2 tablespoons semolina flour (Optional), ½ cup flaked coconut, or more as needed, "
79,Beef Samosas,"2 large potatoes, peeled, 1 cup frozen peas, thawed, 2 tablespoons vegetable oil, ½ teaspoon cumin seeds, 1  bay leaf, crushed, 1 pound ground beef, 2 large onions, finely chopped, 4 cloves garlic, crushed, 1 tablespoon minced fresh ginger root, 1 ½ teaspoons salt, 1 teaspoon ground cumin, 1 teaspoon ground coriander, 1 teaspoon ground turmeric, 1 teaspoon chili powder, ½ teaspoon ground cinnamon, ½ teaspoon ground cardamom, ½ teaspoon ground black pepper, 1 quart oil for deep frying, 2 tablespoons chopped fresh cilantro, 2 tablespoons chopped green chile peppers, 1 (16 ounce) package phyllo dough, "
80,Easy Chicken Yakitori,"10 wooden skewers, 4  skinless, boneless chicken thighs, cut into 1-inch cubes, 4  scallions, sliced into 1-inch pieces, ½ cup sake, ½ cup soy sauce, 3 tablespoons mirin, 2 tablespoons white sugar, 1 teaspoon vegetable oil, or to taste, "
81,Japanese-Style Deep-Fried Shrimp,"1 pound medium shrimp, peeled (tails left on) and deveined, ½ teaspoon salt, ½ teaspoon ground black pepper, ½ teaspoon garlic powder, 1 cup all-purpose flour, 1 teaspoon paprika, 2 large eggs, beaten, 1 cup panko crumbs, 1 quart vegetable oil for frying, "
82,Pork Gyoza,"12 ounces ground pork, ¼ head cabbage, shredded, 1  egg, 2  spring onions, sliced, 1 tablespoon soy sauce, 2 teaspoons sake, 2 teaspoons mirin, 2 teaspoons minced fresh ginger root, 40  gyoza wrappers, or as needed, 2 tablespoons vegetable oil, ½ cup water, ¼ cup rice wine vinegar, ¼ cup soy sauce, "
83,Tsukune (Japanese Chicken Meatballs),"1 teaspoon vegetable oil, 1 teaspoon minced ginger, 1 teaspoon minced garlic, ¼ cup tamari, ¼ cup cooking sake, ¼ cup mirin, 2 tablespoons brown sugar, 1 teaspoon sesame seeds, 10 ½ ounces ground chicken, 1 large egg, 3 green onions, chopped, ½ carrot, grated, ¼ cup panko bread crumbs, or to taste, 2 tablespoons red miso paste, or more to taste, 2 tablespoons grated ginger, 1 tablespoon potato starch, 1 tablespoon crumbled seaweed, 1 tablespoon tamari, or more to taste, 1 tablespoon cooking sake, or more to taste, 1 teaspoon soy sauce, 1 teaspoon white sugar, or more to taste, 1 teaspoon paprika, or more to taste, "
84,Yummylicious Japanese Beef Croquettes,"3 medium russet potatoes, peeled and chopped, 1 tablespoon butter, 1 tablespoon vegetable oil, 3 onions, chopped, ¾ pound ground beef, 4 teaspoons light soy sauce, all-purpose flour for coating, 2 large eggs, beaten, panko bread crumbs, ½ cup oil for frying, "
85,Chicken Karaage (Japanese Fried Chicken),"2 tablespoons soy sauce, 1 tablespoon sake (Japanese rice wine), 2 teaspoons grated fresh ginger, 1 ½ pounds boneless, skinless chicken breasts, cut into bite-size pieces, 2 cups vegetable oil for frying, ¾ cup cornstarch, "
86,Japanese Agedashi Tofu,"1 (10.5 ounce) package firm silken tofu, 2 cups water, 2 tablespoons light soy sauce, 2 tablespoons mirin, 1 teaspoon dashi granules, ¼ cup all-purpose flour, or as needed, vegetable oil for frying, 2  green onions, chopped, "
88,Japanese Salted Chicken Wings,"14 ounces chicken wings, 1 tablespoon sake (Japanese rice wine), 1 tablespoon chopped garlic, 1 ½ teaspoons sesame oil, 1 teaspoon chopped fresh ginger root, ½ teaspoon salt, ½ teaspoon dashi (Japanese seasoning), 2 cups vegetable oil for frying, 3 tablespoons cornstarch, salt and ground black pepper to taste, "
89,Tempura Batter,"2  egg whites, 1 cup all-purpose flour, ⅔ cup cold water, "
90,Grilled Chicken Teriyaki Skewers with Miso Ranch,"12 bamboo skewers, 2 pounds skinless, boneless chicken thighs, ½ cup soy sauce, ½ cup sake, ⅓ cup mirin (Japanese sweet wine), ¼ cup brown sugar, 2 tablespoons minced green onions, 2 teaspoons finely grated ginger, 1 tablespoon vegetable oil, ¾ cup mayonnaise, ⅓ cup buttermilk, ¼ cup sour cream, 1 tablespoon white miso paste, or to taste, 1 tablespoon minced green onion, 1 clove garlic, crushed, 1 tablespoon finely chopped fresh tarragon, 1 tablespoon finely chopped fresh dill, 1 tablespoon finely chopped fresh chives, freshly ground black pepper to taste, 1 pinch cayenne pepper, "
91,Japanese Egg Salad Sandwich,"4 large eggs, ½ cup mayonnaise, ¼ teaspoon kosher salt, ¾ teaspoon white sugar, 1 teaspoon Dijon mustard, 3 dashes hot sauce, or to taste, 1 teaspoon freshly squeezed lemon juice, 2 teaspoons rice vinegar, ½ teaspoon kosher salt, or to taste, ¼ teaspoon white sugar, 1 pinch cayenne pepper, 1 tablespoon heavy cream, 4 slices soft white bread, 1 tablespoon unsalted butter, softened, "
92,Vegan Edamame,"2 tablespoons soy sauce, 2 tablespoons rice vinegar, 1 teaspoon finely grated ginger root, 2 ½ cups frozen edamame in the pod, "
94,Okonomiyaki,"1 cup chopped cooked chicken, 1 ½ cups thinly sliced napa cabbage, ¼ cup shredded carrots, 3  green onions, chopped, 12  fresh green beans, cut into 1/2 inch pieces, 1 small green bell pepper, cut into thin strips, 1 small zucchini, cut into thin strips, 3 large eggs, lightly beaten, ¾ cup all-purpose flour, ¾ cup chicken stock, 2 teaspoons soy sauce, 1 teaspoon vegetable oil, ¼ teaspoon toasted sesame oil, "
95,Furikake Snack Mix,"½ cup butter, ½ cup white sugar, ½ cup corn oil, ½ cup light corn syrup (such as Karo®), 2 (12 ounce) packages crispy corn and rice cereal (such as Crispix®), 1 (1.9 ounce) container aji nori furikake (seasoned seaweed and sesame rice topping), "
96,Beef Kushiyaki,"2 ½ tablespoons mirin (Japanese sweet wine), 1 clove garlic, minced, ⅓ cup soy sauce, ⅛ teaspoon monosodium glutamate (such as Aji-No-Moto®), ⅓ cup white sugar, 1 pound beef sirloin steak, cut paper-thin, 3  green onions, cut into 2-inch slices, bamboo skewers, "
97,Deep-Fried Prawn and Rice Croquettes,"2 tablespoons butter, ½  onion, finely chopped, 4 ounces peeled shrimp, chopped, 2 tablespoons all-purpose flour, 1 tablespoon white wine, ½ cup milk, 2 tablespoons milk, 2 cups cooked rice, 1 tablespoon grated Parmesan cheese, or more to taste, 1 teaspoon chopped fresh dill, or more to taste, 1 teaspoon salt, ground black pepper, vegetable oil for frying, 3 tablespoons all-purpose flour, or as needed, 1  egg, ½ cup bread crumbs, "
98,Karaage Chicken Sandwich,"1 tablespoon sake, 1 tablespoon mirin (Japanese sweet wine), 1 teaspoon grated ginger, 1 teaspoon grated garlic, 1 teaspoon soy sauce, ground black pepper to taste, 1 ½ pounds boneless, skinless chicken thighs, ½ cup mayonnaise, ¼ cup white miso paste, ⅛ cup grated ginger, ⅛ cup grated garlic, ⅛ cup soy sauce, 1 teaspoon honey, 1 cup shredded cabbage, ¾ cup shredded carrots, ½ cup chopped fresh cilantro, ½ cup cider vinegar, ¼ cup finely chopped green onions, 2 tablespoons toasted sesame oil, 2 tablespoons sesame seeds, salt and ground black pepper to taste, 1 cup peanut oil for frying, or as needed, ½ cup cornstarch, 4 potato buns, split and toasted, ½ teaspoon shichimi togarashi (Japanese seven spice), or to taste, "
99,Delightful Japanese Pork and Leek Gyoza,"2 tablespoons soy sauce, 1 tablespoon rice wine vinegar, 1 teaspoon sesame oil, ½ teaspoon chili-garlic sauce, 2 cups ground pork, ½ cup finely chopped leeks, white and light green parts only, 2 medium mushrooms, finely chopped, 2 cloves garlic, chopped, 1 tablespoon Japanese rice wine, 1 tablespoon soy sauce, 1 teaspoon grated fresh ginger, 1 teaspoon sesame oil, ¼ teaspoon salt, ¼ teaspoon ground black pepper, 2 (16 ounce) packages dumpling wrappers, 4 tablespoons vegetable oil for frying, "
100,Onigiri (Japanese Rice Balls),"4 cups uncooked short-grain white rice, 5 ½ cups water, divided, ¼ teaspoon salt, ¼ cup bonito shavings (dry fish flakes), 2 sheets nori (dry seaweed), cut into 1/2-inch strips, 2 tablespoons sesame seeds, "
101,Chi Chi Dango,"cooking spray, 1 pound mochiko (glutinous rice flour), 2 ½ cups white sugar, 1 teaspoon baking powder, 2 cups water, 1 (14 ounce) can coconut milk, 1 teaspoon vanilla extract, ¼ teaspoon red food color, ¼ cup potato starch, or as needed, "
102,Hot German Potato Salad Casserole,"4 cups cubed potatoes, 6 slices bacon, 1 cup diced celery, 3  green onions, diced, ½ cup mayonnaise, ¼ cup vinegar, 2 teaspoons white sugar, 1 teaspoon Dijon mustard, 1 teaspoon salt, ¼ teaspoon ground black pepper, 1 cup shredded Cheddar cheese, "
103,Traditional Sauerbraten,"3 pounds beef rump roast, 2 large onions, chopped, 1 cup red wine vinegar, or to taste, 1 cup water, 1 tablespoon salt, 1 tablespoon ground black pepper, 1 tablespoon white sugar, 10  whole cloves, or more to taste, 2  bay leaves, or more to taste, 2 tablespoons all-purpose flour, salt and ground black pepper to taste, 2 tablespoons vegetable oil, 10  gingersnap cookies, crumbled, "
104,Oma Kiener's Hazelnut Christmas Cookies,"½ cup butter, softened, ½ cup white sugar, 1  egg, ½ teaspoon salt, 1 ½ cups all-purpose flour, sifted, ¼ teaspoon baking soda, ½ cup ground hazelnuts, 1  egg, beaten, ¼ cup multicolored candy sprinkles (jimmies), or amount needed (Optional), "
105,Omi's Cucumber Salad,"2  English cucumbers, sliced very thin, 1 tablespoon salt, 3  green onions, finely chopped, 1 cup sour cream, 4 teaspoons vinegar, 2 teaspoons vegetable oil, 1 teaspoon dried dill weed, "
106,Oma's Cottage Cheesecake,"¼ cup butter, 1 cup graham cracker crumbs, 2 tablespoons white sugar, ¼ teaspoon ground cinnamon, 2 cups cottage cheese, ½ cup milk, 2  eggs, 3 tablespoons all-purpose flour, 2 tablespoons lemon juice, 1 teaspoon vanilla extract, ⅔ cup white sugar, ¼ teaspoon salt, "
107,Oma's Fabulous Matzo Ball Soup,"2 (10-ounce) packages matzo crackers, ½ cup oil or butter (See Cook's Note.), 6 large eggs, or more if needed, beaten, 2  onions, minced, 3 tablespoons minced fresh parsley, salt and ground black pepper to taste, 5 ounces matzo meal, 3 (32-ounce) cartons chicken broth, "
108,Oma's German Marble Cake,"1 cup butter, 1 ¾ cups sugar, 5  egg yolks, 3 ½ cups all-purpose flour, 1 cup milk, 2 teaspoons baking powder, 5  egg whites, 2 tablespoons sweet cocoa, "
109,Old German Honey Cookies,"1 cup white sugar, 1 cup shortening, 1 cup honey, 2 large eggs, 1 teaspoon vanilla extract, 1 teaspoon baking soda, 1 teaspoon ground ginger, 4 cups all-purpose flour, "
110,Zwetschekuchen (German Plum Tart),"4 cups all-purpose flour, 1 ⅓ cups white sugar, 1 teaspoon grated fresh lemon peel, 1 pinch ground cinnamon, 1 cup butter, cut into chunks, 2  eggs, 2  egg yolks, 1 teaspoon water, if needed, 3 pounds Italian prune plums, 1 tablespoon white sugar, or to taste, "
111,Grandma Jeanette's Amazing German Red Cabbage,"5 cups shredded red cabbage, 1 cup sliced green apples, ¼ cup white sugar, 2 tablespoons butter, ⅓ cup apple cider vinegar, 3 tablespoons water, 2 ¼ teaspoons salt, or to taste, ¼ teaspoon ground black pepper, ¼ teaspoon ground cloves, "
112,Onion Sauce,"2 tablespoons butter, 3 medium onions, coarsely chopped, 1 teaspoon white sugar, ½ teaspoon paprika, 1 tablespoon white vinegar, 1 cup chicken broth, 1 slice dark rye bread, torn into pieces, salt and pepper to taste, "
113,Semmelknoedel (Bread Dumplings),"1 (1 pound) loaf stale French bread, cut into 1-inch cubes, 1 cup milk, 2 tablespoons butter, 1  onion, finely chopped, 1 tablespoon chopped fresh parsley, 2 large eggs, ½ teaspoon salt, 1 pinch ground black pepper, ½ cup dry bread crumbs, or as needed (Optional), "
114,Monika's Oma's Lebkuchen Men,"2 cups ground almonds, 1 ½ cups all-purpose flour, plus more for dusting, ½ cup white sugar, 2 teaspoons cocoa powder, 2 teaspoons ground cinnamon, ½ teaspoon ground cloves, ½ teaspoon baking powder, ½ teaspoon salt, 6 ½ tablespoons butter, ¼ cup honey, 1  egg, 1 ½ cups confectioners' sugar, 2 tablespoons cocoa powder, 2 tablespoons boiling water, or as needed, "
115,Butter Soup,"8 cups water, 6  potatoes, cubed, 1  yellow onion, 1 tablespoon butter, 1  bay leaf, 2 teaspoons dried parsley, salt to taste, ground black pepper to taste, 1 cup all-purpose flour, 2  eggs, ½ cup half-and-half cream, "
116,Oma's Ginger Cookies,"1 ⅛ cups white sugar, divided, or as needed, ¾ cup butter, 4 tablespoons molasses, 1  egg, 2 cups all-purpose flour, 3 teaspoons baking soda, 2 teaspoons ground ginger, 1 ½ teaspoons ground cinnamon, divided, or as needed, 1 teaspoon ground cloves, ¼ teaspoon salt, ¼ teaspoon ground nutmeg, "
117,German Shrimp Pasta Salad,"1 (16 ounce) package elbow macaroni, 1 tablespoon salt, 3 tablespoons white vinegar, 2 tablespoons white sugar, 1 teaspoon dried dill weed, 1 teaspoon dried parsley, ½ cup olive oil mayonnaise (such as Hellman's®), or more as needed, ½  lime, juiced, 1 teaspoon salt, or to taste, 2 stalks celery, diced, ½  onion, diced, freshly ground black pepper to taste, 2 (6 ounce) cans small shrimp, drained, "
118,Oma's Rhubarb Cake,"2 cups all-purpose flour, 1 ¼ cups white sugar, 1 teaspoon baking soda, ½ teaspoon salt, 2  eggs, beaten, 1 cup sour cream, 3 cups diced rhubarb, 1 cup white sugar, ¼ cup butter, softened, ¼ cup all-purpose flour, ¼ teaspoon ground cinnamon, or to taste, "
119,Cabbage Borscht Mennonite Soup,"2 pounds beef soup bones, 2 quarts water, or more as needed, 12  carrots, chopped, 6  potatoes, cubed, 1 head cabbage, finely chopped, 3  onions, minced, 1 ½ tablespoons chopped fresh parsley, 10  whole allspice berries, 1 teaspoon salt, 1  bay leaf, ½ star anise, 1 pinch ground black pepper, 1 ½ cups chopped tomato, ½ cup heavy cream, "
120,Scotcharoos,"1 tablespoon unsalted butter, or as needed, 1 ½ cups peanut butter, 1 cup light corn syrup, 1 cup white sugar, 6 cups crisp rice cereal, ½ cup semisweet chocolate chips, ½ cup butterscotch chips, "
121,Italian Tiramisu,"6  egg yolks, 1 cup white sugar, divided, 1 pound mascarpone cheese, 6  egg whites, stiffly beaten, ¼ cup heavy cream, 3 tablespoons kirschwasser, 1 ¼ cups strong brewed coffee, cold, 25  ladyfingers, 1 tablespoon unsweetened cocoa powder, "
122,Cranberry Bars,"1 (12 ounce) package whole cranberries, 1 cup white sugar, ¾ cup water, 1 (15.25 ounce) package yellow cake mix, ¾ cup butter, melted, 2  eggs, 1 cup rolled oats, ¾ cup packed light brown sugar, 1 teaspoon ground ginger, 1 teaspoon ground cinnamon, "
123,Orange-Gingerbread Cheesecake Bars,"2 ¼ cups all-purpose flour, 2 teaspoons ground ginger, 1 ½ teaspoons ground cinnamon, 1 teaspoon baking soda, ½ teaspoon ground cloves, ¼ teaspoon ground nutmeg, ¼ teaspoon ground allspice, ¼ teaspoon salt, ¾ cup firmly packed dark brown sugar, ½ cup unsalted butter, softened, 1  egg, 1 teaspoon vanilla extract, ½ cup molasses, 2 (8 ounce) packages cream cheese, softened, ½ cup white sugar, 1 pinch salt, 2  eggs, 1 ½ teaspoons vanilla extract, 1 teaspoon grated orange zest, "
124,Brooke's Best Bombshell Brownies,"3 cups white sugar, 1 cup butter, melted, 1 tablespoon vanilla extract, 4  eggs, 1 ½ cups all-purpose flour, 1 cup unsweetened cocoa powder, 1 teaspoon salt, 1 cup semisweet chocolate chips, "
125,Chef John's Carrot Cake,"2 cups all-purpose flour, 1 teaspoon salt, 1 teaspoon baking soda, 2 teaspoons baking powder, ½ teaspoon ground ginger, 2 teaspoons ground cinnamon, 2 cups white sugar, 4 large eggs, ¼ cup unsalted butter, 1 cup coconut oil, 2 cups finely grated carrots, or more to taste, 1 (8 ounce) can finely crushed pineapple, drained, ½ cup finely chopped pecans (Optional), ½ cup finely chopped walnuts (Optional), 1 (8 ounce) package cream cheese, softened, ¼ cup unsalted butter, softened, 1 ½ teaspoons vanilla extract, or to taste, 3 cups confectioners' sugar, or to taste, "
126,Melt In Your Mouth Toffee,"1 pound butter, 1 cup white sugar, 1 cup packed brown sugar, 1 cup chopped walnuts, 2 cups semisweet chocolate chips, "
127,Cranberry Almond Swirl Cheesecake Cookie Bars,"cooking spray, 1 ¾ cups graham cracker crumbs, ½ cup butter, melted, 2 tablespoons white sugar, ¾ cup fresh cranberries, ¼ cup water, ¾ cup white sugar, divided, 2 (8 ounce) packages cream cheese, at room temperature, 2  eggs, at room temperature, 5 tablespoons milk, at room temperature, 1 tablespoon lemon juice, 1 ½ teaspoons almond extract, ⅓ cup sliced almonds, or to taste, "
128,World's Best Oreo Fudge,"3 cups white sugar, ¾ cup butter, ⅔ cup evaporated milk, 2 cups white chocolate chips, 1 (7 ounce) jar marshmallow creme, 1 teaspoon vanilla extract, ½ cup crumbled chocolate sandwich cookies (such as Oreo), 1 cup crushed chocolate sandwich cookies (such as Oreo), "
129,Crazy Cake,"3 cups all-purpose flour, 2 cups white sugar, ½ cup unsweetened cocoa powder, 2 teaspoons baking soda, 1 teaspoon salt, ¾ cup vegetable oil, 2 tablespoons distilled white vinegar, 2 teaspoons vanilla extract, 2 cups cold water, "
131,Fresh Cranberry Cake,"2 cups all-purpose flour, 1 tablespoon baking soda, 1 teaspoon salt, 1 cup white sugar, 3 tablespoons butter, melted, 2 large eggs, beaten, 1 cup milk, 3 cups fresh cranberries, 1 cup white sugar, ½ cup butter, ½ cup heavy whipping cream, 1 teaspoon vanilla extract, "
132,Old-Fashioned Persimmon Pudding,"cooking spray, 4 cups all-purpose flour, 1 cup white sugar, 1 cup brown sugar, 1 teaspoon baking soda, 1 teaspoon baking powder, 1 teaspoon ground cinnamon, ½ teaspoon salt, 3 large eggs, 2 cups milk, 2 ½ cups persimmon pulp, 6 tablespoons unsalted butter, melted, "
133,Peanut Butter Bars,"2 cups graham cracker crumbs, 2 cups confectioners' sugar, 1 cup butter or margarine, melted, 1 cup peanut butter, 1 ½ cups semisweet chocolate chips, 4 tablespoons peanut butter, "
134,Creamy Coconut Cake,"1 (16 ounce) package white cake mix, 1 (14 ounce) can cream of coconut, 1 (14 ounce) can sweetened condensed milk, 1 (16 ounce) container frozen whipped topping, thawed, 1 (10 ounce) package flaked coconut, "
135,Chocolate Tom Thumb Bars,"1 cup shortening, ½ cup white sugar, 1 ½ cups brown sugar, divided, 3  eggs, whites and yolks separated, 1 tablespoon cold water, 1 tablespoon vanilla extract, 2 cups all-purpose flour, 1 tablespoon baking soda, ⅛ teaspoon salt, 1 (12 ounce) package semisweet chocolate chips, "
136,Chocolate Éclair Dessert,"2 individual packages graham crackers, 3 cups cold milk, 2 (3 ounce) packages instant vanilla pudding mix, 1 (8 ounce) container frozen whipped topping, thawed, 1 (16 ounce) package prepared chocolate frosting, "
137,Bacon Wrapped Smokies,"1 pound sliced bacon, cut into thirds, 1 (14 ounce) package beef cocktail wieners, toothpicks, ¾ cup brown sugar, or to taste, "
138,Christmas Tree Cheese Ball,"2 (8 ounce) packages cream cheese, softened, 1 cup shredded Cheddar cheese, ¼ cup finely diced onion, 1 teaspoon Worcestershire sauce, 1  red bell pepper, 1 bunch fresh parsley, chopped, ¼ cup chopped pecans, or as needed, "
139,Classic Savory Deviled Eggs,"6  hard-cooked eggs, halved, ¼ cup mayonnaise, 1 teaspoon rice wine vinegar, 1 teaspoon Dijon mustard, ½ teaspoon chopped fresh dill (Optional), ¼ teaspoon garlic powder, ⅛ teaspoon salt, 12 sprigs fresh dill (Optional), "
140,Sausage Balls,"1 pound ground pork sausage, at room temperature, 2 cups biscuit baking mix, 1 pound sharp Cheddar cheese, shredded, "
142,Best Spinach Dip Ever,"1 (16 ounce) container sour cream, 1 cup mayonnaise, ½ (10 ounce) package frozen chopped spinach, thawed and drained, 1 (4 ounce) can water chestnuts, drained and chopped, 1 (1.8 ounce) package dry vegetable soup mix, 1 (1 pound) loaf round sourdough bread, "
143,"Sweet, Salty, Spicy Party Nuts","cooking spray, 1 cup untoasted walnut halves, 1 cup untoasted pecan halves, 1 cup unsalted, dry roasted almonds, 1 cup unsalted, dry roasted cashews, 1 teaspoon salt, ½ teaspoon freshly ground black pepper, ¼ teaspoon ground cumin, ¼ teaspoon cayenne pepper, ½ cup white sugar, ¼ cup water, 1 tablespoon butter, "
145,Olive Puffs,"24  pimento-stuffed green olives, 1 (17.25 ounce) package frozen puff pastry, thawed, "
147,Cheese Fondue,"1 cup dry white wine, 2 tablespoons all-purpose flour or cornstarch, ¼ teaspoon ground nutmeg, ½ pound shredded Swiss cheese, ½ pound shredded Gruyère cheese, ¼ teaspoon salt, 1 (1 pound) loaf French bread, cut into 1 inch cubes, "
148,Sarah's Ambrosia Fruit Salad,"3 (20 ounce) cans pineapple tidbits, drained, 4 (15 ounce) cans mandarin oranges, drained, 1 (16 ounce) container sour cream, 1 (10.5 ounce) package miniature marshmallows, ¾ cup shredded coconut, or to taste, "
150,Grandma's Stuffed Celery,"1 bunch celery - large stalks washed, trimmed, and cut into 3 sections, 2 (8 ounce) packages cream cheese at room temperature, ¾ cup chopped pimento-stuffed green olives, 2 cloves garlic, finely minced, 1 pinch salt and freshly cracked black pepper to taste, "
151,Candied Pecans,"1 cup white sugar (see note below), 1 teaspoon ground cinnamon, ¼ to ½ teaspoon salt, or to taste, 1 large egg white, 1 tablespoon water, 1 pound pecan halves, "
152,Pine Cone Cheese Ball,"2 (8 ounce) packages cream cheese, softened, 4 ounces goat cheese, softened, 3 tablespoons chopped fresh flat-leaf parsley, 2 tablespoons chopped fresh tarragon, 1 tablespoon chopped fresh thyme, ½ clove garlic, minced, or more to taste, 1 pinch cayenne pepper, or to taste, salt and ground black pepper to taste, 1 cup whole almonds, or as needed, 3  large fresh rosemary sprigs, "
153,Cocktail Meatballs,"1 pound lean ground beef, ½ cup bread crumbs, 3 tablespoons minced onion, 2 tablespoons water, 1 large egg, 1 (8 ounce) can jellied cranberry sauce, ¾ cup chili sauce, 1 tablespoon brown sugar, 1 ½ teaspoons lemon juice, "
154,Cheese Straws,"½ cup butter, softened, 4 cups shredded Cheddar cheese, 2 cups all-purpose flour, 1 teaspoon salt, ¼ teaspoon ground red pepper (Optional), "
155,Perfect Crab-Stuffed Mushrooms,"2 tablespoons butter, 2 tablespoons minced green onion, 1 cup cooked crabmeat, finely chopped, ½ cup dry bread crumbs, ¼ cup shredded Monterey Jack cheese, 1  egg, beaten, 1 teaspoon lemon juice, ½ teaspoon dried dill weed, ½ cup butter, melted, 1 ½ pounds fresh button mushrooms, stems removed, ½ cup shredded Monterey Jack cheese, ¼ cup dry white wine, "
156,The Best Smoked Salmon Dip,"1 (8 ounce) package cream cheese, softened, 6 ounces smoked salmon, chopped, ¼ cup capers, or to taste, 2 tablespoons chopped green onion (Optional), 1 ½ teaspoons chopped fresh dill plus more for garnish, ¼ cup heavy whipping cream, 3 dashes Worcestershire sauce, 3 drops hot pepper sauce, 1 squeeze fresh lemon juice, "
157,Crispy Crab Rangoon,"2 (8 ounce) packages cream cheese, softened, 1 pound crabmeat, shredded, 3 tablespoons dark soy sauce, 1 teaspoon minced fresh ginger root, ½ teaspoon chopped fresh cilantro, ½ teaspoon dried parsley, ½ teaspoon minced garlic, 1 (14 ounce) package small won ton wrappers, 1 quart oil for frying, "
158,Swedish Meatballs (From a Swede!),"1 tablespoon butter, 1 tablespoon minced onion, ⅓ cup fine dry bread crumbs, ½ cup water, ½ cup half-and-half, ¾ pound ground beef, ¼ pound ground pork, 2 teaspoons salt, ¼ teaspoon ground white pepper, ⅓ teaspoon white sugar, 3 tablespoons butter, "
